,model
0,
1,Canon 135mm F/3.5
2,Canon P
3,Summicron R 50mm F2 3-Cam
4,Canon 50mm f1.4 L39 LTM Leica Screw Mount LTM Lens
5,Nikkor-H.C 5cm F2 Black belt(Black aperture)
6,Canon L 35mm f/1.5
7,25mm F/1.4 ASPH
8,Nicca 5cm F/2.8
9,Canon Model 7
10,Canon 35mm f/1.8 Leica Screw Mount
11,Leica Minilux
12,minilux SUMMARIT 40mm F2.4
13,canon p
14,R-D1
15,Voigtlandr Color Skopar 35mm f/2.5
16,Leica M2
17,LEICA minilux DB exclusive *Limited Edition.
18,Canon 135mm f3.5 Telephoto Leica L39 LTM Lens
19,Snapshot-Skopar 25mm F4 MC
20,Canon 50mm f/0.95
21,Leica MR
22,Minolta CL
23,Voigtlander HELIAR 50mm f/3.5
24,FUJINON 5cm f2 L
25,Summicron 50mm F2
26,Leica CL
27,LEITZ M Rokkor 90mm f4
28,Minolta M-ROKKOR 40mm f/2
29,Bessa R2A
30,Canon 50mm f/1.4 Leica Screw Mount LTM L39 Lens
31,Canon M39 L39 LTM  Leica Mount 50mm f/1.4
32,Leica M6 TTL 0.85 Black
33,M-ROKKOR 40mm f/2
34,Leica M5
35,"Canon ""L"""
36,Leica IIIf
37,Leica Leitz Wetzlar Summarit 50mm f/1.5
38,Leitz Wetzlar Summicron R 50mm f/2
39,LEICA LEITZ APO-TELEVID 77 SPOTTING SCOPE B20-60X
40,50mm 1.4L
41,Canon 50mm f/1.8 L39
42,Voigtlander Super Wide Heliar 15mm f4.5
43,Elmarit M 28mm f/2.8
44,Nikon NIKKOR H.C 5cm f/2
45,Canon 50mm F1.5
46,Ernst Leitz Gmbh Wetzlar Elmar 9cm f/4
47,Leica
48,Canon 100mm f/3.5
49,Leica Elmar 3.5cm f/3.5
50,Leica Leitz Elmar 50mm f 3.5
51,Leica M3
52,LEICA METER MR
53,Canon 50mm f1.4 Leica L39
54,MINOLTA M ROKKOR QF 40mm F2
55,Voigtlander Ultron 40mm F2 SL II
56,Minolta M-Rokkor 90mm F/4
57,Canon L 35mm f/2.8
58,Canon 50mm f/1.8 LTM
59,Carl Zeiss C Biogon 35mm f2.8 ZM T*
60,Leica Meter MR
61,Leica MP
62,M-ROKKOR 28mm f/2.8
63,CLA'd Canon 50mm F/0.95 Dream Lens For 7 7s Leica
64,Leica M6
65,Nikkor-H 5cm F2 Black belt(Black aperture)
66,Voigtlander Nokton 50mm f1.5 ASPHERICAL L39
67,Leica M4-P
68,Nicca 3F
69,Leica R6.2
70,BP-SCL2
71,Canon Model 7 Leica Screw Mount
72,Canon 50mm F/1.4
73,Leica M 28mm Viewfinder
74,nicca 3f
75,Leica III
76,serenar
77,M Rokkor 40mm f2
78,Canon 35mm F2 Leica Screw Mount
79,Canon 50mm f/1.4 L39
80,Canon 50mm f1.2 Lens
81,35mm F2
82,Minolta M-Rokkor 28mm f/2.8
83,Canon 50mm F1.8 L39 LTM
84,Leica Leicaflex SL2
85,Voigtlander Bessa T
86,Canon 135mm f3.5 L mount
87,NOKTON CLASSIC
88,Leica Minilux Zoom
89,M ROKKOR 90mm f4
90,Fujifilm Fujinon L 50mm F/2.8
91,Leica mini Elmar 35mm f/3.5
92,Nikkor H C 5cm F2 Leica Screw Mount
93,Leica M6 TTL 0.85
94,35mm f/1.8 Leica Screw Mount
95,Leica C1
96,12504
97,Voigtlander SNAPSHOT-SKOPAR 25mm F4 MC
98,Leica R3 MOT Electronic
99,R7
100,Canon 100mm f/2
101,Voigtlander Color Skopar 21mm f/4 MC for Leica L39
102,Color Skopar
103,Leica MR Meter
104,Canon 35mm f/2
105,Canon L
106,Summicron 5cm 50mm F/2
107,Xenogon Leica Screw Mount
108,Komura 105mm F3.5  Lens
109,Leica IIIf Self Timer Model
110,Voigtlander Bessa R
111,1932 Leica I Standard Rangefinder Camera + Elmar 5
112,Leica Elmar M 50mm f2.8 E39
113,3-F
114,Leica Hand Grip M 14405
115,Minolta M Rokkor 90mm f/4
116,Leica minilux
117,Carl Zeiss Biogon ZM
118,Elmar 50mm F/3.5
119,Leica M6 TTL
120,6L
121,Leica Summilux 50mm F/1.4 E46
122,Canon 35mm f/1.8
123,M Rokkor 40mm F/2
124,Leica Meter MR4
125,Canon 28mm f2.8 L39 LTM
126,Leica M6 0.72 Non TTL Black
127,"Canon ""L"" 85mm f/1.5"
128,Leica Winder M
129,Leica Z2 X
130,Nikon Nikkor-H.C 5cm F2 Black belt
131,Canon model 7 Leica Screw Mount
132,GR Lens 28mm f/2.8
133,S-42
134,Minolta CLE
135,Leica MDa
136,Canon 50mm F/1.4 Screwa Mount
137,Voigtlander Color Skopar 28mm f/3.5
138,Voigtlander Ultron 35mm f1.7 Aspherical L39 LTM
139,Canon L 50mm F1.8 L Lens Leica Screw Mount LTM L39
140,Canon VL2
141,109130
142,LEICAFLEX SL2
143,Leitz Leica R3 MOT Electronic 35mm Film SLR Camera
144,Canon 50mm F/1.8
145,L39
146,Leica L39
147,Canon 50mm f1.2
148,Voigtlander Color Skopar 35mm f/2.5 MC
149,Canon Lens 35mm f/2.8
150,Canon LENS L 35mm f1.5
151,Leica M3 DS
152,50mm f1.4 L mount
153,S
154,Minolta Cle
155,M Rokkor 28mm f2.8
156,Voigtlander Color Skopar 21mm f/4
157,Canon View Finder 28mm for 28mm F/2.8 Leica L39 LT
158,color skopar
159,Canon 35mm F2
160,Canon 50mm F1.4
161,Voigtlander Nokton 40mm F/1.4 MC
162,Canon
163,Chiyoko Super Rokkor 45mm F/2.8
164,Mamiya Sekor C 90mm f/3.8
165,Canon 135mm F3.5 Lens Leica Screw Mount L39
166,M39 L39 LTM Leica Screw Mount 28mm f2.8
167,Canon 7
168,Summaron 3.5cm (35mm) f/3.5
169,Leica IIIF
170,Canon 50mm F1.8 L
171,Canon 4sb2 IVsb2 4sbKAI
172,minilux
173,Leica Genuine Leather Case
174,Leica III f
175,Meter MR MR4 Chrome
176,LEICA LEITZ TELE-ELMAR 135mm F4
177,Canon Viewfinder 50mm
178,Canon 35mm f/1.8 Leica Screw Mount L39 LTM
179,Serenar
180,Leica Leitz SUMMARIT 5cm 50mm F1.5 M
181,Leica R7
182,Canon 50mm F/2.2
183,EPSON R-D1S
184,SERENAR 50mm F1.9 LTM39
185,100mm f2L LTM39
186,Ricoh GR
187,Leica mini zoom
188,MINOLTA M ROKKOR QF 40mm F/2
189,Canon 100mm F3.5  LTM39
190,Canon L2
191,M6 Original Leather Camera Case
192,Canon Lens 35mm f/2.8 L39
193,VOIGTLANDER NOKTON 35MM F/1.2 ASPHERICAL
194,LEITZ Minolta CL
195,Leica summicron-M 50mm F/2
196,Canon SERENAR 50mm f/1.8
197,Carl Zeiss Biogon T*
198,Canon Lens 100mm F/3.5 Early Model
199,CANON P
200,Canon 50mm f/1.4 MF Lens
201,Nikkor-H C
202,SUMMICRON R 50mm F2
203,Voigtlander Heliar 50mm F/3.5
204,Leica Leitz Summar 5cm f/2
205,Minolta M Rokkor 28mm f2.8
206,CANON 50mm f/1.4
207,Sankyo Koki Komura 135mm f3.5 Telephoto Leica M39
208,Voigtlander Color Heliar 75mm f/2.5
209,Color Skopar 35mm f/2.5
210,Voigtlander Nokton Classic 40mm f/1.4
211,Canon 50mm f/1.8
212,M6 Case Original Leather Camera ever ready
213,Leica Summicron 90mm f/2 Leitz Canada
214,Canon 50mm f/1.8 Leica Screw Mount
215,Minolta M-Rokkor 40mm f/2
216,ZM
217,Leica mini
218,Voigtlander Color Skopar 21mm f/4 MC
219,M-ROKKOR-QF
220,Leica M(converted)
221,Voigtlander SNAPSHOT SKOPAR 25mm F4 MC
222,Minolta M-Rokkor
223,Leica Leitz Minolta CL
224,C\Screw mount
225,Canon 50mm F/1.8 Leica Screw Mount LTM 39
226,VOIGTLANDER COLOR-SKOPAR 35mm f/2.5 P
227,Minolta M-Rokkor 40mm F/2
228,Leica M39 to M2 50 M3 28-50 Adapter
229,Canon 35mm F2 LTM
230,Leica ELMARIT R 28mm f/2.8
231,M-Rokkor 90mm F/4
232,Color-Skopar 35mm F/2.5
233,MINOLTA M-Rokkor 28mm f/2.8
234,Super Wide Heliar 15mm F/4.5
235,Elmar
236,Leica SF
237,minilux Black w/summarit 40mm F2.4
238,Nikkor H 5cm F2 Leica Screw Mount
239,Leitz SUMMICRON-R
240,Leica Minilux 35mm Film Camera Summarit 40mm F/2.4
241,Ernst Leitz GmbH Wetzlar Hektor 12.5cm f/2.5
242,TV2
243,Canon model 2d
244,Carl Zeiss C Biogon 21mm f4.5 T* ZM
245,Sankyo Kohki Komura 135mm f/3.5
246,Canon 35mm F2.8 Leica Screw Mount
247,SUPER WIDE 21mm f/2.8
248,Bessa R
249,50mm f1.4L
250,Ricoh GXR
251,CANON 35mm F2 Leica Screw Mount L39
252,Voigtlander Nokton Classic 40mm f1.4 MC
253,Canon MF
254,Leica meter MC
255,Leica mini Elmar 35mm F3.5
256,W-Nikkor.C 35mm f2.5 Lens for Leica LTM L39
257,35mm f/2
258,Nikkor-S.C 5cm 50mm F/1.4
259,Leica C2 Silver
260,Leica M4-P Black
261,Leica Leitz SUMMICRON M 50mm f/2
262,Canon 35mm Finder
263,VI-L
264,Canon T50-2
265,Canon 50mm f/1.4 L39 LTM Leica
266,Canon Lens 50mm f/1.4
267,Canon 35mm F1.8 Leica Screw Mount
268,Mini Elmar
269,Leica M6 TTL 0.72
270,Leica Screw L39
271,V-LUX30
272,Minolta M-Rokkor 28mm F/2.8 Leica M
273,Minolta CLE Grip
